,RMSE,R2
Decision Tree,5211.480013,0.863432656
Bagging Regressor,3669.110675,0.932306599
SVM,3207.657453,0.948263067
ANN-PSO,2914.138764,0.9572983
ANN-Adam,3674.814321,0.932095976
ANN-LBFGS,2914.138764,0.9572983
